{
  "timestamp": "20251210_000605",
  "metadata": {
    "total_samples": 9000,
    "sampling_rate": 300,
    "duration_seconds": 30.0,
    "total_chunks": 15,
    "chunk_size": 600,
    "min_value": -0.5410000085830688,
    "max_value": 0.5870000123977661,
    "mean_value": 0.0025836664717644453,
    "patient_info": {
      "patient_id": "A00/A00076",
      "duration_seconds": 30.0,
      "total_samples": 9000,
      "record_date": "1/05/2000",
      "record_time": "09:05:09"
    }
  },
  "processing_results": {
    "processors_run": [
      "heart_rate",
      "ml_inference"
    ],
    "results": {
      "heart_rate": {
        "heart_rate_bpm": 91.12875388332756,
        "num_peaks_detected": 45,
        "rr_intervals_seconds": [
          0.8366666666666667,
          0.7766666666666666,
          0.6,
          0.4033333333333333,
          0.5333333333333333,
          0.77,
          0.7666666666666667,
          0.7566666666666667,
          0.39666666666666667,
          0.34,
          0.7366666666666667,
          0.7333333333333333,
          0.73,
          0.7166666666666667,
          0.7066666666666667,
          0.7133333333333334,
          0.7133333333333334,
          0.7166666666666667,
          0.71,
          0.7066666666666667,
          0.7166666666666667,
          0.64,
          0.32666666666666666,
          0.47,
          0.7166666666666667,
          0.3566666666666667,
          0.37,
          0.7466666666666667,
          0.7433333333333333,
          0.7233333333333334,
          1.47,
          0.74,
          0.7166666666666667,
          0.7133333333333334,
          0.7233333333333334,
          0.7266666666666667,
          0.7333333333333333,
          0.73,
          0.43666666666666665,
          0.5266666666666666,
          0.48,
          0.7266666666666667,
          0.7066666666666667,
          0.36666666666666664
        ],
        "rr_std_seconds": 0.190605744447394,
        "rr_cv_percent": 28.949439957491663,
        "peak_indices": [
          270,
          521,
          754,
          934,
          1055,
          1215,
          1446,
          1676,
          1903,
          2022,
          2124,
          2345,
          2565,
          2784,
          2999,
          3211,
          3425,
          3639,
          3854,
          4067,
          4279,
          4494,
          4686,
          4784,
          4925,
          5140,
          5247,
          5358,
          5582,
          5805,
          6022,
          6463,
          6685,
          6900,
          7114,
          7331,
          7549,
          7769,
          7988,
          8119,
          8277,
          8421,
          8639,
          8851,
          8961
        ]
      },
      "ml_inference": {
        "model_loaded": true,
        "model_path": "ECG-DualNet-S (Pretrained)",
        "model_type": "ecg_dualnet",
        "classification": "N",
        "classification_description": "Normal sinus rhythm",
        "confidence": 0.3891720473766327,
        "probabilities": [
          0.3891720473766327,
          0.18696214258670807,
          0.23831364512443542,
          0.1855521947145462
        ],
        "class_probabilities": {
          "N": 0.3891720473766327,
          "A": 0.18696214258670807,
          "O": 0.23831364512443542,
          "~": 0.1855521947145462
        }
      }
    },
    "metadata": {
      "total_samples": 9000,
      "sampling_rate": 300,
      "duration_seconds": 30.0,
      "total_chunks": 15,
      "chunk_size": 600,
      "min_value": -0.5410000085830688,
      "max_value": 0.5870000123977661,
      "mean_value": 0.0025836664717644453,
      "patient_info": {
        "patient_id": "A00/A00076",
        "duration_seconds": 30.0,
        "total_samples": 9000,
        "record_date": "1/05/2000",
        "record_time": "09:05:09"
      }
    }
  }
}