{
  "experiment_name": "bulk_ledger_on_xai_on",
  "timestamp": "2026-02-25T09:20:20.623038",
  "total_records": 532,
  "successful_inferences": 532,
  "accuracy": 0.8609022556390977,
  "correct_predictions": 458,
  "inference_time_seconds": 315.50061798095703,
  "portal_insert": {
    "inserted_count": 532,
    "total_time_ms": 15373.86703491211,
    "avg_time_per_record_ms": 28.89824630622577,
    "ledger_enabled": true
  },
  "ledger_enabled": true
}